label	run_name	category	metric_name	metric_value	split	primary_metric_value	primary_improvement_fraction	claim_comparable	published_numbers_directly_comparable	artifact_sha256	artifact_handle	evidence_json	source_refs	notes
Persistence baseline	persistence_light_v1_test	baseline	decoded_rollout_nrmse	0.5701633411507036	test	0.4165820594268877	0.2693636553585822	true	false					Non-learned held-out light-v1 reference.
Fourier baseline	physical_fourier_light_test_strong_baseline	local neural baseline	decoded_rollout_nrmse	0.5636730976415197	test	0.4165820594268877	0.2609509640074713	true	false	884b69334e0a34f0537ce009a0911199093820ede966c011232ed591c079e6a9	repo:docs/claim_evidence/artifacts/physical_fourier_light_test_strong_baseline_9c5be72.tar.gz			Repo-native neural baseline measured under the same claim protocol.
CNO1d	external_cno1d_test_light_v1_e3	external matched baseline	decoded_rollout_nrmse	0.5918753212407414	test	0.4165820594268877	0.2961658571038043	true	false		repo:docs/claim_evidence/artifacts/external_cno1d_test_light_v1_e3.tar.gz	docs/claim_evidence/external_cno1d_test_light_v1_e3_evidence.json	cno_official_repo,cno_arxiv	Third-party model measured under the repo light-v1 protocol.
FNO	external_neuraloperator_fno_test_light_v1_e3	external matched baseline	decoded_rollout_nrmse	0.6391747076887233	test	0.4165820594268877	0.3482500880967864	true	false		repo:docs/claim_evidence/artifacts/external_neuraloperator_fno_test_light_v1_e3.tar.gz	docs/claim_evidence/external_neuraloperator_fno_test_light_v1_e3_evidence.json	pdebench_official_repo,pdebench_openreview,fno_arxiv,neuraloperator_official_repo	Third-party model measured under the repo light-v1 protocol.
U-Net	external_pdebench_unet_test_light_v1_e3	external matched baseline	decoded_rollout_nrmse	0.6095843876848097	test	0.4165820594268877	0.3166129778863617	true	false		repo:docs/claim_evidence/artifacts/external_pdebench_unet_test_light_v1_e3.tar.gz	docs/claim_evidence/external_pdebench_unet_test_light_v1_e3_evidence.json	pdebench_official_repo,pdebench_openreview	Third-party model measured under the repo light-v1 protocol.
UNO	external_neuraloperator_uno_test_light_v1_e3	external matched baseline	decoded_rollout_nrmse	0.5560551396226746	test	0.4165820594268877	0.2508259887507378	true	false		repo:docs/claim_evidence/artifacts/external_neuraloperator_uno_test_light_v1_e3.tar.gz	docs/claim_evidence/external_neuraloperator_uno_test_light_v1_e3_evidence.json	uno_arxiv,neuraloperator_official_repo	Third-party model measured under the repo light-v1 protocol.
UPS primary claim	ups_light_shared_context_transport_guarded	ups primary	decoded_rollout_nrmse	0.4165820594268877	test	0.4165820594268877	0	true	false	7eb8473b294bbc97e3a26bdcc6b5a313d23528070ace1a70de116d8216089f0a				Primary guarded held-out light-v1 UPS claim.
CT1 scoped UPS	ups_light_advection_context_transport_only_ct1_guarded	ups scoped variant	decoded_rollout_nrmse	0.2017729289668206	test	0.4165820594268877	-1.064608278028169	false	false	b3b0809afc58085433ba0bbe1efbfa87deb1c227c18b8e6154b7d343e372834d	repo:docs/claim_evidence/artifacts/ups_advection_ct1_heldout_light_v1.tar.gz	docs/claim_evidence/ups_advection_ct1_heldout_light_v1_evidence.json		light-v1 CT1 online transport-context UPS variant
Data-conditioned scoped UPS	ups_light_advection_data_conditioned_context_phase_guarded	ups scoped variant	decoded_rollout_nrmse	0.1808155304023394	test	0.4165820594268877	-1.303906409476749	false	false	6f52e621d356c4e33e1b016eaef2ced8ba43f3e491eef87c005189ae0437275f	repo:docs/claim_evidence/artifacts/ups_advection_data_conditioned_heldout_light_v1.tar.gz	docs/claim_evidence/ups_advection_data_conditioned_heldout_light_v1_evidence.json		light-v1 data-conditioned context-phase UPS variant
